,#,name,type_1,img_name,blue,green,red
0,1,Bulbasaur,Grass,0.jpg,152,177,125
1,2,Ivysaur,Grass,0.jpg,152,154,117
2,3,Venusaur,Grass,0.jpg,153,150,170
3,3,Mega Venusaur,Grass,0.jpg,173,178,166
4,4,Charmander,Fire,2.jpg,76,136,220
5,5,Charmeleon,Fire,0.jpg,85,111,220
6,6,Charizard,Fire,4.jpg,77,81,25
7,6,Mega Charizard X,Fire,0.jpg,216,187,129
8,6,Mega Charizard Y,Fire,0.jpg,109,146,217
9,7,Squirtle,Water,0.jpg,188,177,127
10,8,Wartortle,Water,0.jpg,216,177,157
11,9,Blastoise,Water,0.jpg,179,155,134
12,9,Mega Blastoise,Water,0.jpg,168,163,158
13,10,Caterpie,Bug,0.jpg,108,179,160
14,11,Metapod,Bug,0.jpg,80,183,138
15,12,Butterfree,Bug,0.jpg,126,110,117
16,13,Weedle,Bug,0.jpg,102,141,181
17,14,Kakuna,Bug,0.jpg,96,187,209
18,15,Beedrill,Bug,0.jpg,139,178,193
19,15,Mega Beedrill,Bug,0.jpg,115,167,193
20,16,Pidgey,Normal,0.jpg,134,167,192
21,17,Pidgeotto,Normal,0.jpg,157,191,210
22,18,Pidgeot,Normal,0.jpg,155,190,217
23,18,Mega Pidgeot,Normal,0.jpg,143,149,172
24,19,Rattata,Normal,0.jpg,174,144,169
26,20,Raticate,Normal,0.jpg,89,144,179
28,21,Spearow,Normal,0.jpg,110,126,187
29,22,Fearow,Normal,0.jpg,102,145,190
48,37,Vulpix,Fire,0.jpg,83,129,209
50,38,Ninetales,Fire,0.jpg,165,226,233
52,39,Jigglypuff,Normal,0.jpg,206,197,233
53,40,Wigglytuff,Normal,0.jpg,186,179,206
56,43,Oddish,Grass,0.jpg,141,137,89
57,44,Gloom,Grass,0.jpg,149,106,92
58,45,Vileplume,Grass,0.jpg,138,117,205
59,46,Paras,Bug,0.jpg,108,149,211
60,47,Parasect,Bug,0.jpg,113,142,205
61,48,Venonat,Bug,0.jpg,170,136,168
62,49,Venomoth,Bug,0.jpg,208,190,200
67,52,Meowth,Normal,0.jpg,142,176,198
70,53,Persian,Normal,0.jpg,178,214,228
72,54,Psyduck,Water,0.jpg,135,201,230
73,55,Golduck,Water,0.jpg,192,156,115
76,58,Growlithe,Fire,0.jpg,143,181,213
77,58,Hisuian Growlithe,Fire,0.jpg,186,190,199
78,59,Arcanine,Fire,0.jpg,143,176,211
79,59,Hisuian Arcanine,Fire,0.jpg,97,110,142
80,60,Poliwag,Water,0.jpg,181,145,120
81,61,Poliwhirl,Water,0.jpg,174,134,104
82,62,Poliwrath,Water,0.jpg,173,132,102
83,63,Abra,Psychic,0.jpg,60,186,199
84,64,Kadabra,Psychic,0.jpg,59,182,207
85,65,Alakazam,Psychic,0.jpg,96,186,203
86,65,Mega Alakazam,Psychic,0.jpg,158,193,203
90,69,Bellsprout,Grass,0.jpg,135,208,190
91,70,Weepinbell,Grass,0.jpg,127,202,182
92,71,Victreebel,Grass,0.jpg,123,203,177
93,72,Tentacool,Water,0.jpg,201,170,136
94,73,Tentacruel,Water,0.jpg,190,165,137
101,77,Ponyta,Fire,0.jpg,87,99,119
102,77,Galarian Ponyta,Psychic,0.jpg,205,188,179
103,78,Rapidash,Fire,0.jpg,93,106,126
104,78,Galarian Rapidash,Psychic,0.jpg,208,188,190
105,79,Slowpoke,Water,0.jpg,181,170,219
106,79,Galarian Slowpoke,Psychic,0.jpg,188,180,225
107,80,Slowbro,Water,0.jpg,168,150,212
108,80,Mega Slowbro,Water,0.jpg,145,146,168
112,83,Farfetch'd,Normal,0.jpg,139,168,184
114,84,Doduo,Normal,0.jpg,117,159,194
115,85,Dodrio,Normal,0.jpg,120,154,197
116,86,Seel,Water,0.jpg,224,217,214
117,87,Dewgong,Water,0.jpg,231,220,216
122,90,Shellder,Water,0.jpg,185,149,162
123,91,Cloyster,Water,0.jpg,171,146,154
129,96,Drowzee,Psychic,0.jpg,85,98,109
130,97,Hypno,Psychic,0.jpg,80,204,226
131,98,Krabby,Water,0.jpg,114,153,209
132,99,Kingler,Water,0.jpg,111,148,203
137,102,Exeggcute,Grass,0.jpg,199,199,219
138,103,Exeggutor,Grass,0.jpg,133,173,148
139,103,Alolan Exeggutor,Grass,0.jpg,112,144,160
142,105,Alolan Marowak,Fire,0.jpg,151,159,131
145,108,Lickitung,Normal,0.jpg,177,173,217
151,113,Chansey,Normal,0.jpg,180,169,210
152,114,Tangela,Grass,0.jpg,156,137,121
153,115,Kangaskhan,Normal,0.jpg,164,191,207
154,115,Mega Kangaskhan,Normal,0.jpg,165,179,196
155,116,Horsea,Water,0.jpg,215,200,150
156,117,Seadra,Water,0.jpg,210,179,136
157,118,Goldeen,Water,0.jpg,215,195,204
158,119,Seaking,Water,0.jpg,116,130,188
159,120,Staryu,Water,0.jpg,116,183,204
160,121,Starmie,Water,0.jpg,176,143,171
161,122,Mr. Mime,Psychic,0.jpg,158,143,204
163,123,Scyther,Bug,0.jpg,149,189,155
166,126,Magmar,Fire,0.jpg,99,154,212
167,127,Pinsir,Bug,0.jpg,174,171,181
168,127,Mega Pinsir,Bug,0.jpg,151,195,206
169,128,Tauros,Normal,0.jpg,114,157,188
173,129,Magikarp,Water,0.jpg,104,141,230
174,130,Gyarados,Water,0.jpg,169,168,169
175,130,Mega Gyarados,Water,0.jpg,154,189,193
176,131,Lapras,Water,0.jpg,201,181,150
177,132,Ditto,Normal,0.jpg,205,175,194
178,133,Eevee,Normal,0.jpg,105,144,181
179,133,Partner Eevee,Normal,0.jpg,99,144,191
180,134,Vaporeon,Water,0.jpg,199,187,132
182,136,Flareon,Fire,0.jpg,110,155,206
183,137,Porygon,Normal,0.jpg,125,118,69
190,143,Snorlax,Normal,0.jpg,185,192,201
192,144,Galarian Articuno,Psychic,0.jpg,176,141,157
195,146,Moltres,Fire,0.jpg,130,180,229
200,150,Mewtwo,Psychic,0.jpg,202,191,199
201,150,Mega Mewtwo X,Psychic,0.jpg,168,158,177
202,150,Mega Mewtwo Y,Psychic,0.jpg,165,152,178
203,151,Mew,Psychic,0.jpg,200,186,223
204,152,Chikorita,Grass,0.jpg,151,206,191
205,153,Bayleef,Grass,0.jpg,149,205,216
206,154,Meganium,Grass,0.jpg,147,210,202
207,155,Cyndaquil,Fire,0.jpg,97,154,218
208,156,Quilava,Fire,0.jpg,163,225,246
209,157,Typhlosion,Fire,0.jpg,135,201,223
210,157,Hisuian Typhlosion,Fire,0.jpg,169,210,224
211,158,Totodile,Water,0.jpg,171,169,124
212,159,Croconaw,Water,0.jpg,180,200,181
213,160,Feraligatr,Water,0.jpg,215,197,137
214,161,Sentret,Normal,0.jpg,124,143,182
215,162,Furret,Normal,0.jpg,176,203,226
216,163,Hoothoot,Normal,0.jpg,137,162,196
217,164,Noctowl,Normal,0.jpg,125,151,179
218,165,Ledyba,Bug,0.jpg,131,170,207
219,166,Ledian,Bug,0.jpg,160,192,212
220,167,Spinarak,Bug,0.jpg,127,193,189
221,168,Ariados,Bug,0.jpg,116,122,181
223,170,Chinchou,Water,0.jpg,159,198,204
224,171,Lanturn,Water,0.jpg,171,141,132
227,174,Igglybuff,Normal,0.jpg,184,172,202
230,177,Natu,Psychic,0.jpg,76,158,171
231,178,Xatu,Psychic,0.jpg,84,147,173
236,182,Bellossom,Grass,0.jpg,110,170,206
237,183,Marill,Water,0.jpg,215,176,97
238,184,Azumarill,Water,0.jpg,192,155,81
240,186,Politoed,Water,0.jpg,133,216,221
241,187,Hoppip,Grass,0.jpg,149,158,208
242,188,Skiploom,Grass,0.jpg,127,218,217
243,189,Jumpluff,Grass,0.jpg,175,194,204
244,190,Aipom,Normal,0.jpg,161,143,177
245,191,Sunkern,Grass,0.jpg,111,198,209
246,192,Sunflora,Grass,0.jpg,122,200,191
247,193,Yanma,Bug,0.jpg,80,130,182
248,194,Wooper,Water,0.jpg,210,193,169
250,195,Quagsire,Water,0.jpg,196,183,155
251,196,Espeon,Psychic,0.jpg,197,177,204
254,199,Slowking,Water,0.jpg,155,161,210
257,201,Unown,Psychic,8.jpg,58,58,62
258,202,Wobbuffet,Psychic,0.jpg,194,168,114
259,203,Girafarig,Normal,0.jpg,66,166,220
260,204,Pineco,Bug,0.jpg,149,157,127
261,205,Forretress,Bug,0.jpg,161,158,175
262,206,Dunsparce,Normal,0.jpg,136,218,227
268,211,Qwilfish,Water,0.jpg,152,196,192
270,212,Scizor,Bug,0.jpg,85,87,175
271,212,Mega Scizor,Bug,0.jpg,107,114,180
272,213,Shuckle,Bug,0.jpg,104,189,223
273,214,Heracross,Bug,0.jpg,167,142,108
274,214,Mega Heracross,Bug,0.jpg,147,137,145
277,216,Teddiursa,Normal,0.jpg,90,148,211
278,217,Ursaring,Normal,0.jpg,94,121,165
279,218,Slugma,Fire,0.jpg,96,118,220
280,219,Magcargo,Fire,0.jpg,104,97,111
283,222,Corsola,Water,0.jpg,164,154,228
285,223,Remoraid,Water,0.jpg,183,198,183
286,224,Octillery,Water,0.jpg,75,93,211
288,226,Mantine,Water,0.jpg,184,176,186
293,230,Kingdra,Water,0.jpg,185,166,117
296,233,Porygon2,Normal,0.jpg,193,162,110
297,234,Stantler,Normal,0.jpg,134,164,197
298,235,Smeargle,Normal,0.jpg,165,181,192
303,240,Magby,Fire,0.jpg,123,126,207
304,241,Miltank,Normal,0.jpg,180,192,226
305,242,Blissey,Normal,0.jpg,189,175,218
307,244,Entei,Fire,0.jpg,149,156,156
308,245,Suicune,Water,0.jpg,176,159,144
313,249,Lugia,Psychic,0.jpg,194,175,168
314,250,Ho-oh,Fire,0.jpg,108,172,199
315,251,Celebi,Psychic,0.jpg,192,223,206
316,252,Treecko,Grass,0.jpg,129,199,187
317,253,Grovyle,Grass,0.jpg,143,176,160
318,254,Sceptile,Grass,0.jpg,151,193,152
319,254,Mega Sceptile,Grass,0.jpg,120,165,178
320,255,Torchic,Fire,0.jpg,90,180,238
321,256,Combusken,Fire,0.jpg,133,184,229
322,257,Blaziken,Fire,0.jpg,139,187,222
323,257,Mega Blaziken,Fire,0.jpg,112,140,210
324,258,Mudkip,Water,0.jpg,216,177,101
325,259,Marshtomp,Water,0.jpg,181,184,159
326,260,Swampert,Water,0.jpg,197,176,151
327,260,Mega Swampert,Water,0.jpg,155,146,155
330,263,Zigzagoon,Normal,0.jpg,130,149,170
332,264,Linoone,Normal,0.jpg,197,203,213
334,265,Wurmple,Bug,0.jpg,132,138,207
335,266,Silcoon,Bug,0.jpg,145,139,154
336,267,Beautifly,Bug,0.jpg,121,174,220
337,268,Cascoon,Bug,0.jpg,206,187,205
338,269,Dustox,Bug,0.jpg,122,168,176
339,270,Lotad,Water,0.jpg,122,158,117
340,271,Lombre,Water,0.jpg,156,199,172
341,272,Ludicolo,Water,0.jpg,151,203,193
342,273,Seedot,Grass,0.jpg,137,144,152
343,274,Nuzleaf,Grass,0.jpg,145,160,170
344,275,Shiftry,Grass,0.jpg,108,142,141
345,276,Taillow,Normal,0.jpg,138,128,197
346,277,Swellow,Normal,0.jpg,128,110,180
347,278,Wingull,Water,0.jpg,196,189,168
348,279,Pelipper,Water,0.jpg,162,200,206
349,280,Ralts,Psychic,0.jpg,119,163,145
350,281,Kirlia,Psychic,0.jpg,136,180,158
351,282,Gardevoir,Psychic,0.jpg,146,184,155
352,282,Mega Gardevoir,Psychic,0.jpg,202,197,190
353,283,Surskit,Bug,0.jpg,219,195,147
354,284,Masquerain,Bug,0.jpg,144,166,226
355,285,Shroomish,Grass,0.jpg,185,204,213
356,286,Breloom,Grass,0.jpg,137,162,163
357,287,Slakoth,Normal,0.jpg,190,202,214
358,288,Vigoroth,Normal,0.jpg,143,142,172
359,289,Slaking,Normal,0.jpg,154,168,183
360,290,Nincada,Bug,0.jpg,169,175,177
361,291,Ninjask,Bug,0.jpg,134,156,189
362,292,Shedinja,Bug,0.jpg,128,163,183
363,293,Whismur,Normal,0.jpg,189,193,220
364,294,Loudred,Normal,0.jpg,178,156,170
365,295,Exploud,Normal,0.jpg,184,167,174
368,298,Azurill,Normal,0.jpg,196,167,73
370,300,Skitty,Normal,0.jpg,184,193,240
371,301,Delcatty,Normal,0.jpg,169,154,193
388,313,Volbeat,Bug,0.jpg,153,159,198
389,314,Illumise,Bug,0.jpg,189,174,171
390,315,Roselia,Grass,0.jpg,154,169,137
393,318,Carvanha,Water,0.jpg,125,164,205
394,319,Sharpedo,Water,0.jpg,202,185,193
395,319,Mega Sharpedo,Water,0.jpg,169,171,176
396,320,Wailmer,Water,0.jpg,186,228,246
397,321,Wailord,Water,0.jpg,181,182,183
398,322,Numel,Fire,0.jpg,148,213,233
399,323,Camerupt,Fire,0.jpg,138,147,192
400,323,Mega Camerupt,Fire,0.jpg,125,144,215
401,324,Torkoal,Fire,0.jpg,154,179,208
402,325,Spoink,Psychic,0.jpg,166,164,173
403,326,Grumpig,Psychic,0.jpg,197,176,208
404,327,Spinda,Normal,0.jpg,112,116,198
408,331,Cacnea,Grass,0.jpg,137,180,152
409,332,Cacturne,Grass,0.jpg,163,203,178
410,333,Swablu,Normal,0.jpg,227,195,134
413,335,Zangoose,Normal,0.jpg,120,110,190
417,339,Barboach,Water,0.jpg,199,184,155
418,340,Whiscash,Water,0.jpg,196,190,165
419,341,Corphish,Water,0.jpg,121,141,219
420,342,Crawdaunt,Water,0.jpg,102,109,178
427,349,Feebas,Water,0.jpg,160,174,178
428,350,Milotic,Water,0.jpg,152,143,184
429,351,Castform,Normal,0.jpg,206,201,202
430,351,Sunny Form,Fire,0.jpg,79,149,234
431,351,Rainy Form,Water,0.jpg,202,174,120
433,352,Kecleon,Normal,0.jpg,133,201,186
439,357,Tropius,Grass,0.jpg,122,160,133
440,358,Chimecho,Psychic,0.jpg,219,216,210
443,360,Wynaut,Psychic,0.jpg,203,198,118
450,366,Clamperl,Water,0.jpg,186,151,115
451,367,Huntail,Water,0.jpg,214,191,149
452,368,Gorebyss,Water,0.jpg,200,179,227
453,369,Relicanth,Water,0.jpg,143,157,173
454,370,Luvdisc,Water,0.jpg,156,148,208
470,382,Kyogre,Water,0.jpg,162,101,12
471,382,Primal Kyogre,Water,0.jpg,163,130,128
477,386,Normal Forme,Psychic,0.jpg,130,153,198
478,386,Attack Forme,Psychic,0.jpg,132,147,181
479,386,Defense Forme,Psychic,0.jpg,124,157,226
480,386,Speed Forme,Psychic,0.jpg,129,147,173
481,387,Turtwig,Grass,0.jpg,129,188,176
482,388,Grotle,Grass,0.jpg,105,165,157
483,389,Torterra,Grass,0.jpg,176,180,182
484,390,Chimchar,Fire,0.jpg,152,205,230
485,391,Monferno,Fire,0.jpg,116,157,204
486,392,Infernape,Fire,0.jpg,104,149,207
487,393,Piplup,Water,0.jpg,186,188,155
488,394,Prinplup,Water,0.jpg,157,178,164
489,395,Empoleon,Water,0.jpg,151,137,124
490,396,Starly,Normal,0.jpg,110,121,145
491,397,Staravia,Normal,0.jpg,113,127,151
492,398,Staraptor,Normal,0.jpg,115,138,172
493,399,Bidoof,Normal,0.jpg,77,128,162
494,400,Bibarel,Normal,0.jpg,77,138,180
495,401,Kricketot,Bug,0.jpg,162,209,231
496,402,Kricketune,Bug,0.jpg,87,115,203
500,406,Budew,Grass,0.jpg,122,215,178
501,407,Roserade,Grass,0.jpg,170,172,159
512,414,Mothim,Bug,0.jpg,106,193,230
513,415,Combee,Bug,0.jpg,66,173,222
514,416,Vespiquen,Bug,0.jpg,67,174,217
516,418,Buizel,Water,0.jpg,91,150,210
517,419,Floatzel,Water,0.jpg,165,216,227
518,420,Cherubi,Grass,0.jpg,116,99,211
519,421,Cherrim,Grass,0.jpg,120,84,122
520,422,Shellos,Water,0.jpg,191,178,75
521,423,Gastrodon,Water,0.jpg,179,165,69
522,424,Ambipom,Normal,0.jpg,156,147,188
525,427,Buneary,Normal,0.jpg,160,208,227
526,428,Lopunny,Normal,0.jpg,160,209,229
527,428,Mega Lopunny,Normal,0.jpg,116,132,162
530,431,Glameow,Normal,0.jpg,159,144,145
531,432,Purugly,Normal,0.jpg,176,161,172
532,433,Chingling,Psychic,0.jpg,98,166,216
539,440,Happiny,Normal,0.jpg,166,165,202
540,441,Chatot,Normal,0.jpg,162,161,154
546,446,Munchlax,Normal,0.jpg,153,138,118
556,455,Carnivine,Grass,0.jpg,132,195,171
557,456,Finneon,Water,0.jpg,192,182,182
558,457,Lumineon,Water,0.jpg,206,207,175
559,458,Mantyke,Water,0.jpg,204,185,145
560,459,Snover,Grass,0.jpg,146,158,147
561,460,Abomasnow,Grass,0.jpg,195,188,184
562,460,Mega Abomasnow,Grass,0.jpg,193,178,167
565,463,Lickilicky,Normal,0.jpg,150,146,218
567,465,Tangrowth,Grass,0.jpg,168,139,117
569,467,Magmortar,Fire,0.jpg,75,138,221
571,469,Yanmega,Bug,0.jpg,115,128,207
572,470,Leafeon,Grass,0.jpg,155,191,153
576,474,Porygon-Z,Normal,0.jpg,179,154,92
577,475,Gallade,Psychic,0.jpg,180,183,178
578,475,Mega Gallade,Psychic,0.jpg,194,189,156
588,480,Uxie,Psychic,0.jpg,153,176,181
589,481,Mesprit,Psychic,0.jpg,199,176,193
590,482,Azelf,Psychic,0.jpg,186,171,138
593,484,Palkia,Water,0.jpg,180,166,176
594,484,Origin Forme,Water,0.jpg,125,156,170
595,485,Heatran,Fire,0.jpg,157,166,177
596,486,Regigigas,Normal,0.jpg,137,177,190
599,488,Cresselia,Psychic,0.jpg,185,184,208
600,489,Phione,Water,0.jpg,190,174,113
601,490,Manaphy,Water,0.jpg,194,187,114
603,492,Land Forme,Grass,0.jpg,124,175,181
604,492,Sky Forme,Grass,0.jpg,163,192,194
605,493,Arceus,Normal,0.jpg,158,173,177
606,494,Victini,Psychic,0.jpg,110,156,208
607,495,Snivy,Grass,0.jpg,114,192,199
608,496,Servine,Grass,0.jpg,130,188,183
609,497,Serperior,Grass,0.jpg,139,192,167
610,498,Tepig,Fire,0.jpg,86,143,216
611,499,Pignite,Fire,0.jpg,70,142,218
612,500,Emboar,Fire,0.jpg,83,148,215
613,501,Oshawott,Water,0.jpg,183,171,124
614,502,Dewott,Water,0.jpg,198,196,156
615,503,Samurott,Water,0.jpg,158,196,202
616,503,Hisuian Samurott,Water,0.jpg,180,174,165
617,504,Patrat,Normal,0.jpg,94,136,173
618,505,Watchog,Normal,0.jpg,88,181,220
619,506,Lillipup,Normal,0.jpg,141,191,227
620,507,Herdier,Normal,0.jpg,114,149,200
621,508,Stoutland,Normal,0.jpg,142,168,188
624,511,Pansage,Grass,0.jpg,143,201,185
625,512,Simisage,Grass,0.jpg,146,198,185
626,513,Pansear,Fire,0.jpg,112,150,224
627,514,Simisear,Fire,0.jpg,118,157,220
628,515,Panpour,Water,0.jpg,178,163,95
629,516,Simipour,Water,0.jpg,211,186,93
630,517,Munna,Psychic,0.jpg,166,148,192
631,518,Musharna,Psychic,0.jpg,175,152,205
632,519,Pidove,Normal,0.jpg,153,161,171
633,520,Tranquill,Normal,0.jpg,151,154,166
634,521,Unfezant,Normal,0.jpg,153,156,156
640,527,Woobat,Psychic,0.jpg,164,158,154
641,528,Swoobat,Psychic,0.jpg,171,151,137
644,531,Audino,Normal,0.jpg,174,188,232
645,531,Mega Audino,Normal,0.jpg,178,177,192
649,535,Tympole,Water,0.jpg,179,166,125
650,536,Palpitoad,Water,0.jpg,182,207,198
651,537,Seismitoad,Water,0.jpg,187,172,112
654,540,Sewaddle,Bug,0.jpg,116,190,219
655,541,Swadloon,Bug,0.jpg,69,198,167
656,542,Leavanny,Bug,0.jpg,98,201,187
657,543,Venipede,Bug,0.jpg,101,87,181
658,544,Whirlipede,Bug,0.jpg,154,141,151
659,545,Scolipede,Bug,0.jpg,115,90,168
660,546,Cottonee,Grass,0.jpg,158,177,175
661,547,Whimsicott,Grass,0.jpg,141,175,177
662,548,Petilil,Grass,0.jpg,146,217,202
663,549,Lilligant,Grass,0.jpg,120,184,183
664,549,Hisuian Lilligant,Grass,0.jpg,139,185,179
665,550,Red-Striped Form,Water,0.jpg,118,164,124
666,550,Blue-Striped Form,Water,0.jpg,113,163,102
671,554,Darumaka,Fire,0.jpg,117,182,230
673,555,Standard Mode,Fire,0.jpg,106,147,215
674,555,Zen Mode,Fire,0.jpg,199,183,147
677,556,Maractus,Grass,0.jpg,124,178,169
678,557,Dwebble,Bug,0.jpg,107,144,191
679,558,Crustle,Bug,0.jpg,108,137,169
682,561,Sigilyph,Psychic,0.jpg,133,165,190
686,564,Tirtouga,Water,0.jpg,203,168,132
687,565,Carracosta,Water,0.jpg,206,167,122
693,570,Hisuian Zorua,Normal,0.jpg,153,155,208
695,571,Hisuian Zoroark,Normal,0.jpg,145,143,192
696,572,Minccino,Normal,0.jpg,163,166,180
697,573,Cinccino,Normal,0.jpg,210,201,204
698,574,Gothita,Psychic,0.jpg,191,168,189
699,575,Gothorita,Psychic,0.jpg,179,173,182
700,576,Gothitelle,Psychic,0.jpg,172,168,174
701,577,Solosis,Psychic,0.jpg,153,193,153
702,578,Duosion,Psychic,0.jpg,156,194,152
703,579,Reuniclus,Psychic,0.jpg,160,198,157
704,580,Ducklett,Water,0.jpg,215,220,185
705,581,Swanna,Water,0.jpg,203,189,172
709,585,Deerling,Normal,0.jpg,100,162,212
710,586,Sawsbuck,Normal,0.jpg,106,130,178
712,588,Karrablast,Bug,0.jpg,131,102,65
713,589,Escavalier,Bug,0.jpg,149,159,176
714,590,Foongus,Grass,0.jpg,160,168,198
715,591,Amoonguss,Grass,0.jpg,160,163,191
716,592,Frillish,Water,0.jpg,206,184,214
717,593,Jellicent,Water,0.jpg,211,187,217
718,594,Alomomola,Water,0.jpg,156,145,198
719,595,Joltik,Bug,0.jpg,102,200,224
720,596,Galvantula,Bug,0.jpg,130,202,227
721,597,Ferroseed,Grass,0.jpg,151,166,152
722,598,Ferrothorn,Grass,0.jpg,157,172,153
729,605,Elgyem,Psychic,0.jpg,196,203,162
730,606,Beheeyem,Psychic,0.jpg,144,161,192
740,616,Shelmet,Bug,0.jpg,173,178,199
741,617,Accelgor,Bug,0.jpg,152,138,168
751,626,Bouffalant,Normal,0.jpg,150,188,203
752,627,Rufflet,Normal,0.jpg,146,146,159
753,628,Braviary,Normal,0.jpg,96,108,151
754,628,Hisuian Braviary,Psychic,0.jpg,161,158,168
757,631,Heatmor,Fire,0.jpg,121,158,190
758,632,Durant,Bug,0.jpg,168,169,170
762,636,Larvesta,Bug,0.jpg,136,150,187
763,637,Volcarona,Bug,0.jpg,102,131,211
766,640,Virizion,Grass,0.jpg,124,193,172
778,647,Ordinary Form,Water,0.jpg,107,87,80
779,647,Resolute Form,Water,0.jpg,195,175,138
780,648,Aria Forme,Normal,0.jpg,189,217,205
781,648,Pirouette Forme,Normal,0.jpg,129,142,181
782,649,Genesect,Bug,0.jpg,169,135,167
783,650,Chespin,Grass,0.jpg,118,178,192
784,651,Quilladin,Grass,0.jpg,106,173,174
785,652,Chesnaught,Grass,0.jpg,142,179,169
786,653,Fennekin,Fire,0.jpg,135,226,244
787,654,Braixen,Fire,0.jpg,120,199,222
788,655,Delphox,Fire,0.jpg,115,167,205
789,656,Froakie,Water,0.jpg,194,176,115
790,657,Frogadier,Water,0.jpg,181,155,106
791,658,Greninja,Water,0.jpg,157,140,169
792,658,Ash-Greninja,Water,0.jpg,165,157,178
793,659,Bunnelby,Normal,0.jpg,163,163,167
794,660,Diggersby,Normal,0.jpg,171,190,195
795,661,Fletchling,Normal,0.jpg,110,139,213
796,662,Fletchinder,Fire,0.jpg,93,133,200
797,663,Talonflame,Fire,0.jpg,95,134,203
798,664,Scatterbug,Bug,0.jpg,151,161,169
799,665,Spewpa,Bug,0.jpg,126,125,139
800,666,Vivillon,Bug,0.jpg,55,85,162
801,667,Litleo,Fire,0.jpg,127,166,207
802,668,Pyroar,Fire,0.jpg,97,145,198
806,672,Skiddo,Grass,0.jpg,93,104,111
807,673,Gogoat,Grass,0.jpg,108,132,151
810,676,Furfrou,Normal,0.jpg,158,168,168
811,677,Espurr,Psychic,0.jpg,172,156,157
828,692,Clauncher,Water,0.jpg,233,205,144
829,693,Clawitzer,Water,0.jpg,158,171,159
868,720,Hoopa Confined,Psychic,0.jpg,164,186,204
869,720,Hoopa Unbound,Psychic,0.jpg,154,138,158
870,721,Volcanion,Fire,0.jpg,102,132,174
871,722,Rowlet,Grass,0.jpg,164,185,214
872,723,Dartrix,Grass,0.jpg,135,183,173
873,724,Decidueye,Grass,0.jpg,92,123,168
874,724,Hisuian Decidueye,Grass,0.jpg,83,106,160
875,725,Litten,Fire,0.jpg,74,120,219
876,726,Torracat,Fire,0.jpg,81,119,220
877,727,Incineroar,Fire,0.jpg,94,108,193
878,728,Popplio,Water,0.jpg,183,136,106
879,729,Brionne,Water,0.jpg,198,166,110
880,730,Primarina,Water,0.jpg,208,191,176
881,731,Pikipek,Normal,0.jpg,144,147,177
882,732,Trumbeak,Normal,0.jpg,148,157,178
883,733,Toucannon,Normal,0.jpg,107,158,205
884,734,Yungoos,Normal,0.jpg,124,159,201
885,735,Gumshoos,Normal,0.jpg,121,199,214
886,736,Grubbin,Bug,0.jpg,118,167,217
887,737,Charjabug,Bug,0.jpg,117,153,128
888,738,Vikavolt,Bug,0.jpg,148,182,178
891,741,Baile Style,Fire,0.jpg,90,82,204
893,741,Pa'u Style,Psychic,0.jpg,143,133,193
895,742,Cutiefly,Bug,0.jpg,142,200,219
896,743,Ribombee,Bug,0.jpg,138,194,214
902,746,Solo Form,Water,0.jpg,164,136,110
903,746,School Form,Water,0.jpg,145,100,65
908,751,Dewpider,Water,0.jpg,180,165,109
909,752,Araquanid,Water,0.jpg,155,179,143
910,753,Fomantis,Grass,0.jpg,148,171,131
911,754,Lurantis,Grass,0.jpg,133,128,208
912,755,Morelull,Grass,0.jpg,185,166,188
913,756,Shiinotic,Grass,0.jpg,180,168,195
916,759,Stufful,Normal,0.jpg,172,160,218
917,760,Bewear,Normal,0.jpg,170,158,216
918,761,Bounsweet,Grass,0.jpg,139,202,177
919,762,Steenee,Grass,0.jpg,137,204,180
920,763,Tsareena,Grass,0.jpg,133,204,185
922,765,Oranguru,Normal,0.jpg,171,168,174
924,767,Wimpod,Bug,0.jpg,143,125,145
925,768,Golisopod,Bug,0.jpg,154,156,154
928,771,Pyukumuku,Water,0.jpg,126,95,190
929,772,Type Null,Normal,0.jpg,141,145,155
930,773,Silvally,Normal,0.jpg,165,161,160
933,775,Komala,Normal,0.jpg,197,194,183
934,776,Turtonator,Fire,0.jpg,96,153,225
937,779,Bruxish,Water,0.jpg,155,171,191
938,780,Drampa,Normal,0.jpg,163,189,186
944,786,Tapu Lele,Psychic,0.jpg,147,128,202
945,787,Tapu Bulu,Grass,0.jpg,80,108,184
946,788,Tapu Fini,Water,0.jpg,175,133,136
947,789,Cosmog,Psychic,0.jpg,211,156,44
948,790,Cosmoem,Psychic,0.jpg,110,164,182
949,791,Solgaleo,Psychic,0.jpg,129,170,187
950,792,Lunala,Psychic,0.jpg,144,182,180
952,794,Buzzwole,Bug,0.jpg,79,93,216
953,795,Pheromosa,Bug,0.jpg,206,214,218
956,798,Kartana,Grass,0.jpg,144,187,198
958,800,Necrozma,Psychic,0.jpg,110,111,113
959,800,Dusk Mane Necrozma,Psychic,0.jpg,150,196,210
960,800,Dawn Wings Necrozma,Psychic,0.jpg,223,212,189
961,800,Ultra Necrozma,Psychic,0.jpg,216,234,236
967,806,Blacephalon,Fire,0.jpg,162,174,190
971,810,Grookey,Grass,0.jpg,116,184,180
972,811,Thwackey,Grass,0.jpg,110,196,203
973,812,Rillaboom,Grass,0.jpg,124,139,155
974,813,Scorbunny,Fire,0.jpg,150,167,192
975,814,Raboot,Fire,0.jpg,203,212,215
976,815,Cinderace,Fire,0.jpg,83,120,179
977,816,Sobble,Water,0.jpg,183,194,168
978,817,Drizzile,Water,0.jpg,161,159,115
979,818,Inteleon,Water,0.jpg,156,178,153
980,819,Skwovet,Normal,0.jpg,133,146,161
981,820,Greedent,Normal,0.jpg,124,136,183
985,824,Blipbug,Bug,0.jpg,149,178,195
986,825,Dottler,Bug,0.jpg,72,172,212
987,826,Orbeetle,Bug,0.jpg,69,92,198
990,829,Gossifleur,Grass,0.jpg,84,208,226
991,830,Eldegoss,Grass,0.jpg,170,223,234
992,831,Wooloo,Normal,0.jpg,187,189,196
993,832,Dubwool,Normal,0.jpg,155,155,156
994,833,Chewtle,Water,0.jpg,166,180,162
995,834,Drednaw,Water,0.jpg,117,163,171
1001,840,Applin,Grass,0.jpg,124,195,192
1002,841,Flapple,Grass,0.jpg,110,162,184
1003,842,Appletun,Grass,0.jpg,116,173,209
1007,846,Arrokuda,Water,0.jpg,135,163,181
1008,847,Barraskewda,Water,0.jpg,118,153,197
1012,850,Sizzlipede,Fire,0.jpg,75,92,198
1013,851,Centiskorch,Fire,0.jpg,60,146,223
1018,856,Hatenna,Psychic,0.jpg,196,182,168
1019,857,Hattrem,Psychic,0.jpg,208,191,172
1020,858,Hatterene,Psychic,0.jpg,210,197,208
1047,882,Dracovish,Water,0.jpg,155,138,154
1048,883,Arctovish,Water,0.jpg,212,188,149
1067,898,Calyrex,Psychic,0.jpg,133,134,112
1068,898,Ice Rider,Psychic,0.jpg,188,174,160
1069,898,Shadow Rider,Psychic,0.jpg,158,125,108
1070,899,Wyrdeer,Normal,0.jpg,187,202,211
1071,900,Kleavor,Bug,0.jpg,96,123,143
1079,906,Sprigatito,Grass,0.jpg,176,215,201
1080,907,Floragato,Grass,0.jpg,115,149,133
1081,908,Meowscarada,Grass,0.jpg,145,141,157
1082,909,Fuecoco,Fire,0.jpg,81,119,195
1083,910,Crocalor,Fire,0.jpg,76,121,201
1084,911,Skeledirge,Fire,0.jpg,72,124,198
1085,912,Quaxly,Water,0.jpg,205,192,109
1086,913,Quaxwell,Water,0.jpg,174,171,148
1087,914,Quaquaval,Water,0.jpg,189,185,162
1088,915,Lechonk,Normal,0.jpg,123,132,175
1091,917,Tarountula,Bug,0.jpg,123,178,183
1092,918,Spidops,Bug,0.jpg,112,151,153
1093,919,Nymble,Bug,0.jpg,136,130,129
1094,920,Lokix,Bug,0.jpg,126,125,125
1098,924,Tandemaus,Normal,0.jpg,186,184,182
1099,925,Family of Four,Normal,0.jpg,176,177,176
1103,928,Smoliv,Grass,0.jpg,105,207,196
1104,929,Dolliv,Grass,0.jpg,143,218,218
1105,930,Arboliva,Grass,0.jpg,78,158,122
1106,931,Green Plumage,Normal,0.jpg,115,180,160
1113,935,Charcadet,Fire,0.jpg,55,87,212
1114,936,Armarouge,Fire,0.jpg,53,200,226
1115,937,Ceruledge,Fire,0.jpg,179,132,134
1124,946,Bramblin,Grass,0.jpg,121,168,208
1125,947,Brambleghast,Grass,0.jpg,118,160,184
1129,951,Capsakid,Grass,0.jpg,127,177,132
1130,952,Scovillain,Grass,0.jpg,79,113,67
1131,953,Rellor,Bug,0.jpg,80,121,148
1132,954,Rabsca,Bug,0.jpg,175,170,133
1133,955,Flittle,Psychic,0.jpg,147,208,224
1134,956,Espathra,Psychic,0.jpg,124,204,235
1138,960,Wiglett,Water,0.jpg,174,169,173
1139,961,Wugtrio,Water,0.jpg,112,88,220
1141,963,Finizen,Water,0.jpg,197,185,119
1142,964,Zero Form,Water,0.jpg,225,197,147
1143,964,Hero Form,Water,0.jpg,198,185,119
1155,976,Veluza,Water,0.jpg,161,138,174
1156,977,Dondozo,Water,0.jpg,189,160,105
1162,981,Farigiraf,Normal,0.jpg,100,148,199
1163,982,Two-Segment Form,Normal,0.jpg,125,221,229
1168,986,Brute Bonnet,Grass,0.jpg,158,189,169
1170,988,Slither Wing,Bug,0.jpg,100,133,211
1176,994,Iron Moth,Fire,0.jpg,75,146,231
1192,1009,Walking Wake,Water,0.jpg,166,142,145
1193,1010,Iron Leaves,Grass,0.jpg,133,144,184
0,1,Bulbasaur,Grass,1.jpg,181,146,31
1,2,Ivysaur,Grass,1.jpg,132,119,41
2,3,Venusaur,Grass,1.jpg,154,148,165
3,3,Mega Venusaur,Grass,1.jpg,175,155,118
4,4,Charmander,Fire,1.jpg,142,198,232
5,5,Charmeleon,Fire,1.jpg,96,148,225
6,6,Charizard,Fire,1.jpg,54,146,228
7,6,Mega Charizard X,Fire,1.jpg,222,188,102
8,6,Mega Charizard Y,Fire,1.jpg,50,62,43
9,7,Squirtle,Water,1.jpg,219,174,25
10,8,Wartortle,Water,1.jpg,225,185,35
11,9,Blastoise,Water,1.jpg,163,139,81
12,9,Mega Blastoise,Water,1.jpg,180,143,66
13,10,Caterpie,Bug,1.jpg,98,198,207
14,11,Metapod,Bug,1.jpg,113,219,207
15,12,Butterfree,Bug,1.jpg,182,201,174
16,13,Weedle,Bug,1.jpg,133,209,238
17,14,Kakuna,Bug,1.jpg,107,233,236
18,15,Beedrill,Bug,1.jpg,144,189,189
19,15,Mega Beedrill,Bug,1.jpg,45,168,215
20,16,Pidgey,Normal,1.jpg,135,164,195
21,17,Pidgeotto,Normal,1.jpg,136,184,214
22,18,Pidgeot,Normal,1.jpg,119,207,225
23,18,Mega Pidgeot,Normal,1.jpg,140,175,212
24,19,Rattata,Normal,1.jpg,189,171,202
26,20,Raticate,Normal,1.jpg,99,181,220
28,21,Spearow,Normal,1.jpg,66,122,211
29,22,Fearow,Normal,1.jpg,66,154,214
48,37,Vulpix,Fire,1.jpg,44,130,215
50,38,Ninetales,Fire,1.jpg,67,220,227
52,39,Jigglypuff,Normal,1.jpg,161,158,188
53,40,Wigglytuff,Normal,1.jpg,167,161,158
56,43,Oddish,Grass,1.jpg,129,117,60
57,44,Gloom,Grass,1.jpg,104,163,225
58,45,Vileplume,Grass,1.jpg,90,70,36
59,46,Paras,Bug,1.jpg,72,154,214
60,47,Parasect,Bug,1.jpg,72,119,222
61,48,Venonat,Bug,1.jpg,141,142,186
62,49,Venomoth,Bug,1.jpg,175,209,210
67,52,Meowth,Normal,1.jpg,189,222,240
70,53,Persian,Normal,1.jpg,90,226,226
72,54,Psyduck,Water,1.jpg,88,212,232
73,55,Golduck,Water,1.jpg,207,156,28
76,58,Growlithe,Fire,1.jpg,68,145,203
78,59,Arcanine,Fire,1.jpg,89,141,198
80,60,Poliwag,Water,1.jpg,169,162,121
81,61,Poliwhirl,Water,1.jpg,156,142,100
82,62,Poliwrath,Water,1.jpg,175,156,98
83,63,Abra,Psychic,1.jpg,32,212,239
84,64,Kadabra,Psychic,1.jpg,98,211,221
85,65,Alakazam,Psychic,1.jpg,72,196,233
86,65,Mega Alakazam,Psychic,1.jpg,135,200,207
90,69,Bellsprout,Grass,1.jpg,95,216,216
91,70,Weepinbell,Grass,1.jpg,69,216,220
92,71,Victreebel,Grass,1.jpg,76,218,230
93,72,Tentacool,Water,1.jpg,184,161,98
94,73,Tentacruel,Water,1.jpg,207,165,47
101,77,Ponyta,Fire,1.jpg,122,227,241
102,77,Galarian Ponyta,Psychic,1.jpg,204,212,218
103,78,Rapidash,Fire,1.jpg,112,211,215
105,79,Slowpoke,Water,1.jpg,160,179,242
107,80,Slowbro,Water,1.jpg,115,107,98
108,80,Mega Slowbro,Water,1.jpg,137,177,178
112,83,Farfetch'd,Normal,1.jpg,101,187,217
114,84,Doduo,Normal,1.jpg,75,167,218
115,85,Dodrio,Normal,1.jpg,91,148,208
116,86,Seel,Water,1.jpg,215,205,161
117,87,Dewgong,Water,1.jpg,205,201,167
122,90,Shellder,Water,1.jpg,149,141,196
123,91,Cloyster,Water,1.jpg,137,128,140
129,96,Drowzee,Psychic,1.jpg,74,192,219
130,97,Hypno,Psychic,1.jpg,83,228,224
131,98,Krabby,Water,1.jpg,65,111,216
132,99,Kingler,Water,1.jpg,103,123,184
137,102,Exeggcute,Grass,1.jpg,167,172,227
138,103,Exeggutor,Grass,1.jpg,124,207,210
139,103,Alolan Exeggutor,Grass,1.jpg,99,130,164
142,105,Alolan Marowak,Fire,1.jpg,156,177,104
145,108,Lickitung,Normal,1.jpg,179,196,231
151,113,Chansey,Normal,1.jpg,168,176,200
152,114,Tangela,Grass,1.jpg,205,180,86
153,115,Kangaskhan,Normal,1.jpg,147,189,215
154,115,Mega Kangaskhan,Normal,1.jpg,89,121,169
155,116,Horsea,Water,1.jpg,227,189,50
156,117,Seadra,Water,1.jpg,223,186,56
157,118,Goldeen,Water,1.jpg,154,164,211
158,119,Seaking,Water,1.jpg,103,122,183
159,120,Staryu,Water,1.jpg,114,186,221
160,121,Starmie,Water,1.jpg,146,151,221
161,122,Mr. Mime,Psychic,1.jpg,85,96,190
163,123,Scyther,Bug,1.jpg,105,207,214
166,126,Magmar,Fire,1.jpg,123,217,235
167,127,Pinsir,Bug,1.jpg,133,184,225
168,127,Mega Pinsir,Bug,1.jpg,97,141,176
169,128,Tauros,Normal,1.jpg,110,164,226
173,129,Magikarp,Water,1.jpg,151,185,228
174,130,Gyarados,Water,1.jpg,190,172,103
175,130,Mega Gyarados,Water,1.jpg,184,122,19
176,131,Lapras,Water,1.jpg,181,161,151
177,132,Ditto,Normal,1.jpg,210,194,205
178,133,Eevee,Normal,1.jpg,94,131,171
180,134,Vaporeon,Water,1.jpg,215,191,102
182,136,Flareon,Fire,1.jpg,91,211,228
183,137,Porygon,Normal,1.jpg,200,163,45
190,143,Snorlax,Normal,1.jpg,98,91,46
192,144,Galarian Articuno,Psychic,1.jpg,196,165,180
195,146,Moltres,Fire,1.jpg,92,211,236
200,150,Mewtwo,Psychic,1.jpg,167,150,150
201,150,Mega Mewtwo X,Psychic,1.jpg,171,143,167
202,150,Mega Mewtwo Y,Psychic,1.jpg,166,136,162
203,151,Mew,Psychic,1.jpg,192,180,205
204,152,Chikorita,Grass,1.jpg,169,220,199
205,153,Bayleef,Grass,1.jpg,123,227,229
206,154,Meganium,Grass,1.jpg,129,213,207
207,155,Cyndaquil,Fire,1.jpg,100,160,226
208,156,Quilava,Fire,1.jpg,104,175,229
209,157,Typhlosion,Fire,1.jpg,126,211,235
211,158,Totodile,Water,1.jpg,186,170,133
212,159,Croconaw,Water,1.jpg,219,195,141
213,160,Feraligatr,Water,1.jpg,223,193,143
214,161,Sentret,Normal,1.jpg,77,156,213
215,162,Furret,Normal,1.jpg,168,205,233
216,163,Hoothoot,Normal,1.jpg,119,146,145
217,164,Noctowl,Normal,1.jpg,151,178,211
218,165,Ledyba,Bug,1.jpg,144,164,188
219,166,Ledian,Bug,1.jpg,109,95,201
220,167,Spinarak,Bug,1.jpg,74,191,172
221,168,Ariados,Bug,1.jpg,124,150,199
223,170,Chinchou,Water,1.jpg,168,139,123
224,171,Lanturn,Water,1.jpg,213,179,149
227,174,Igglybuff,Normal,1.jpg,129,122,168
230,177,Natu,Psychic,1.jpg,134,187,190
231,178,Xatu,Psychic,1.jpg,107,176,201
236,182,Bellossom,Grass,1.jpg,93,165,212
237,183,Marill,Water,1.jpg,205,171,56
238,184,Azumarill,Water,1.jpg,219,173,94
241,187,Hoppip,Grass,1.jpg,71,190,170
242,188,Skiploom,Grass,1.jpg,91,216,223
243,189,Jumpluff,Grass,1.jpg,205,162,127
244,190,Aipom,Normal,1.jpg,179,143,174
245,191,Sunkern,Grass,1.jpg,73,214,214
246,192,Sunflora,Grass,1.jpg,114,223,228
247,193,Yanma,Bug,1.jpg,119,155,190
251,196,Espeon,Psychic,1.jpg,213,179,200
257,201,Unown,Psychic,1.jpg,168,166,166
258,202,Wobbuffet,Psychic,1.jpg,238,205,147
259,203,Girafarig,Normal,1.jpg,131,199,226
260,204,Pineco,Bug,1.jpg,202,185,114
261,205,Forretress,Bug,1.jpg,154,116,173
262,206,Dunsparce,Normal,1.jpg,165,211,214
270,212,Scizor,Bug,1.jpg,117,88,206
271,212,Mega Scizor,Bug,1.jpg,79,68,48
272,213,Shuckle,Bug,1.jpg,96,205,233
273,214,Heracross,Bug,1.jpg,172,143,138
274,214,Mega Heracross,Bug,1.jpg,142,89,12
277,216,Teddiursa,Normal,1.jpg,149,176,221
278,217,Ursaring,Normal,1.jpg,147,169,211
279,218,Slugma,Fire,1.jpg,150,168,230
280,219,Magcargo,Fire,1.jpg,129,126,221
296,233,Porygon2,Normal,1.jpg,227,197,157
297,234,Stantler,Normal,1.jpg,123,194,217
298,235,Smeargle,Normal,1.jpg,138,171,163
303,240,Magby,Fire,1.jpg,129,119,220
304,241,Miltank,Normal,1.jpg,196,176,224
305,242,Blissey,Normal,1.jpg,194,162,230
307,244,Entei,Fire,1.jpg,155,165,194
313,249,Lugia,Psychic,1.jpg,230,206,175
314,250,Ho-oh,Fire,1.jpg,102,196,219
315,251,Celebi,Psychic,1.jpg,136,205,190
316,252,Treecko,Grass,1.jpg,111,192,177
317,253,Grovyle,Grass,1.jpg,95,153,137
318,254,Sceptile,Grass,1.jpg,92,172,114
319,254,Mega Sceptile,Grass,1.jpg,84,157,125
320,255,Torchic,Fire,1.jpg,99,168,213
321,256,Combusken,Fire,1.jpg,153,223,234
322,257,Blaziken,Fire,1.jpg,44,127,216
323,257,Mega Blaziken,Fire,1.jpg,49,99,206
330,263,Zigzagoon,Normal,1.jpg,185,193,192
332,264,Linoone,Normal,1.jpg,210,216,218
334,265,Wurmple,Bug,1.jpg,125,105,210
335,266,Silcoon,Bug,1.jpg,135,120,171
336,267,Beautifly,Bug,1.jpg,79,82,85
337,268,Cascoon,Bug,1.jpg,158,137,182
338,269,Dustox,Bug,1.jpg,123,151,150
342,273,Seedot,Grass,1.jpg,110,156,179
343,274,Nuzleaf,Grass,1.jpg,107,135,177
344,275,Shiftry,Grass,1.jpg,85,116,166
345,276,Taillow,Normal,1.jpg,151,164,164
346,277,Swellow,Normal,1.jpg,94,66,127
349,280,Ralts,Psychic,1.jpg,135,170,170
350,281,Kirlia,Psychic,1.jpg,138,182,172
351,282,Gardevoir,Psychic,1.jpg,135,185,161
352,282,Mega Gardevoir,Psychic,1.jpg,144,169,165
353,283,Surskit,Bug,1.jpg,220,173,15
354,284,Masquerain,Bug,1.jpg,126,141,210
355,285,Shroomish,Grass,1.jpg,88,156,172
356,286,Breloom,Grass,1.jpg,142,147,200
357,287,Slakoth,Normal,1.jpg,193,201,208
358,288,Vigoroth,Normal,1.jpg,185,179,197
359,289,Slaking,Normal,1.jpg,176,203,216
360,290,Nincada,Bug,1.jpg,163,174,172
361,291,Ninjask,Bug,1.jpg,144,156,181
362,292,Shedinja,Bug,1.jpg,132,176,196
363,293,Whismur,Normal,1.jpg,188,191,212
364,294,Loudred,Normal,1.jpg,176,137,137
365,295,Exploud,Normal,1.jpg,175,130,115
368,298,Azurill,Normal,1.jpg,229,170,5
370,300,Skitty,Normal,1.jpg,175,177,235
371,301,Delcatty,Normal,1.jpg,153,130,144
388,313,Volbeat,Bug,1.jpg,156,165,139
389,314,Illumise,Bug,1.jpg,210,178,143
390,315,Roselia,Grass,1.jpg,119,151,111
398,322,Numel,Fire,1.jpg,145,212,242
399,323,Camerupt,Fire,1.jpg,69,77,84
400,323,Mega Camerupt,Fire,1.jpg,25,115,222
401,324,Torkoal,Fire,1.jpg,80,142,225
402,325,Spoink,Psychic,1.jpg,171,164,176
403,326,Grumpig,Psychic,1.jpg,204,179,201
404,327,Spinda,Normal,1.jpg,108,113,215
408,331,Cacnea,Grass,1.jpg,108,188,141
409,332,Cacturne,Grass,1.jpg,148,210,185
410,333,Swablu,Normal,1.jpg,219,172,16
413,335,Zangoose,Normal,1.jpg,124,96,202
429,351,Castform,Normal,1.jpg,220,208,209
433,352,Kecleon,Normal,1.jpg,103,181,100
439,357,Tropius,Grass,1.jpg,124,177,218
440,358,Chimecho,Psychic,1.jpg,125,102,214
443,360,Wynaut,Psychic,1.jpg,196,181,108
477,386,Normal Forme,Psychic,1.jpg,102,92,39
478,386,Attack Forme,Psychic,1.jpg,141,123,30
479,386,Defense Forme,Psychic,1.jpg,107,95,31
480,386,Speed Forme,Psychic,1.jpg,180,157,20
481,387,Turtwig,Grass,1.jpg,123,191,193
482,388,Grotle,Grass,1.jpg,79,135,42
483,389,Torterra,Grass,1.jpg,107,143,185
484,390,Chimchar,Fire,1.jpg,161,209,231
485,391,Monferno,Fire,1.jpg,56,59,56
486,392,Infernape,Fire,1.jpg,60,51,47
490,396,Starly,Normal,1.jpg,107,128,141
491,397,Staravia,Normal,1.jpg,100,126,145
492,398,Staraptor,Normal,1.jpg,101,130,143
493,399,Bidoof,Normal,1.jpg,43,57,68
495,401,Kricketot,Bug,1.jpg,65,68,81
496,402,Kricketune,Bug,1.jpg,71,74,87
500,406,Budew,Grass,1.jpg,116,210,187
501,407,Roserade,Grass,1.jpg,154,161,132
512,414,Mothim,Bug,1.jpg,68,181,239
513,415,Combee,Bug,1.jpg,18,37,61
514,416,Vespiquen,Bug,1.jpg,64,70,80
518,420,Cherubi,Grass,1.jpg,135,122,224
519,421,Cherrim,Grass,1.jpg,151,172,222
532,433,Chingling,Psychic,1.jpg,82,165,232
556,455,Carnivine,Grass,1.jpg,101,170,151
560,459,Snover,Grass,1.jpg,120,110,12
561,460,Abomasnow,Grass,1.jpg,156,143,20
562,460,Mega Abomasnow,Grass,1.jpg,145,137,40
567,465,Tangrowth,Grass,1.jpg,194,162,9
569,467,Magmortar,Fire,1.jpg,43,53,86
571,469,Yanmega,Bug,1.jpg,121,89,214
572,470,Leafeon,Grass,1.jpg,128,169,73
577,475,Gallade,Psychic,1.jpg,181,162,133
578,475,Mega Gallade,Psychic,1.jpg,177,156,96
588,480,Uxie,Psychic,1.jpg,142,211,222
589,481,Mesprit,Psychic,1.jpg,186,157,219
590,482,Azelf,Psychic,1.jpg,227,177,14
595,485,Heatran,Fire,1.jpg,194,204,204
599,488,Cresselia,Psychic,1.jpg,175,183,195
603,492,Land Forme,Grass,1.jpg,110,189,140
604,492,Sky Forme,Grass,1.jpg,117,177,135
606,494,Victini,Psychic,1.jpg,57,56,44
607,495,Snivy,Grass,1.jpg,109,198,187
608,496,Servine,Grass,1.jpg,56,165,203
609,497,Serperior,Grass,1.jpg,146,192,172
610,498,Tepig,Fire,1.jpg,88,138,206
611,499,Pignite,Fire,1.jpg,53,63,67
612,500,Emboar,Fire,1.jpg,28,138,226
624,511,Pansage,Grass,1.jpg,98,199,237
625,512,Simisage,Grass,1.jpg,105,199,229
626,513,Pansear,Fire,1.jpg,69,199,242
627,514,Simisear,Fire,1.jpg,74,200,241
630,517,Munna,Psychic,1.jpg,188,164,205
631,518,Musharna,Psychic,1.jpg,185,154,205
640,527,Woobat,Psychic,1.jpg,221,201,160
641,528,Swoobat,Psychic,1.jpg,101,95,68
654,540,Sewaddle,Bug,1.jpg,52,174,124
655,541,Swadloon,Bug,1.jpg,49,178,111
656,542,Leavanny,Bug,1.jpg,62,173,119
657,543,Venipede,Bug,1.jpg,75,11,180
658,544,Whirlipede,Bug,1.jpg,195,168,175
659,545,Scolipede,Bug,1.jpg,88,27,162
660,546,Cottonee,Grass,1.jpg,184,217,204
661,547,Whimsicott,Grass,1.jpg,136,186,209
662,548,Petilil,Grass,1.jpg,80,218,210
663,549,Lilligant,Grass,1.jpg,113,187,186
671,554,Darumaka,Fire,1.jpg,35,167,232
673,555,Standard Mode,Fire,1.jpg,59,162,225
674,555,Zen Mode,Fire,1.jpg,161,142,84
677,556,Maractus,Grass,1.jpg,63,154,138
678,557,Dwebble,Bug,1.jpg,74,80,84
679,558,Crustle,Bug,1.jpg,74,101,145
682,561,Sigilyph,Psychic,1.jpg,116,170,191
698,574,Gothita,Psychic,1.jpg,198,166,197
699,575,Gothorita,Psychic,1.jpg,177,160,157
700,576,Gothitelle,Psychic,1.jpg,171,161,166
701,577,Solosis,Psychic,1.jpg,56,171,70
702,578,Duosion,Psychic,1.jpg,56,171,69
703,579,Reuniclus,Psychic,1.jpg,174,206,212
712,588,Karrablast,Bug,1.jpg,118,87,34
713,589,Escavalier,Bug,1.jpg,190,202,208
714,590,Foongus,Grass,1.jpg,105,90,181
715,591,Amoonguss,Grass,1.jpg,181,190,191
719,595,Joltik,Bug,1.jpg,57,61,50
720,596,Galvantula,Bug,1.jpg,81,66,32
721,597,Ferroseed,Grass,1.jpg,182,188,188
722,598,Ferrothorn,Grass,1.jpg,183,188,187
729,605,Elgyem,Psychic,1.jpg,182,192,133
730,606,Beheeyem,Psychic,1.jpg,111,141,182
740,616,Shelmet,Bug,1.jpg,152,152,199
741,617,Accelgor,Bug,1.jpg,142,134,226
757,631,Heatmor,Fire,1.jpg,45,51,119
758,632,Durant,Bug,1.jpg,173,171,165
762,636,Larvesta,Bug,1.jpg,100,124,134
763,637,Volcarona,Bug,1.jpg,54,54,74
766,640,Virizion,Grass,1.jpg,70,162,117
782,649,Genesect,Bug,1.jpg,176,135,162
783,650,Chespin,Grass,1.jpg,93,168,172
784,651,Quilladin,Grass,1.jpg,64,172,136
785,652,Chesnaught,Grass,1.jpg,175,207,214
786,653,Fennekin,Fire,1.jpg,73,162,231
787,654,Braixen,Fire,1.jpg,80,173,229
788,655,Delphox,Fire,1.jpg,94,206,232
796,662,Fletchinder,Fire,1.jpg,33,37,46
797,663,Talonflame,Fire,1.jpg,169,173,171
798,664,Scatterbug,Bug,1.jpg,105,109,110
799,665,Spewpa,Bug,1.jpg,107,109,122
800,666,Vivillon,Bug,1.jpg,77,209,232
801,667,Litleo,Fire,1.jpg,131,186,214
802,668,Pyroar,Fire,1.jpg,96,172,216
806,672,Skiddo,Grass,1.jpg,76,99,120
807,673,Gogoat,Grass,1.jpg,119,158,186
811,677,Espurr,Psychic,1.jpg,201,190,193
868,720,Hoopa Confined,Psychic,1.jpg,115,126,199
869,720,Hoopa Unbound,Psychic,1.jpg,171,187,174
870,721,Volcanion,Fire,1.jpg,101,122,109
871,722,Rowlet,Grass,1.jpg,159,185,217
872,723,Dartrix,Grass,1.jpg,133,170,167
873,724,Decidueye,Grass,1.jpg,116,157,205
875,725,Litten,Fire,1.jpg,78,132,220
876,726,Torracat,Fire,1.jpg,99,125,206
877,727,Incineroar,Fire,1.jpg,83,142,222
886,736,Grubbin,Bug,1.jpg,54,117,199
887,737,Charjabug,Bug,1.jpg,155,189,206
888,738,Vikavolt,Bug,1.jpg,133,183,184
891,741,Baile Style,Fire,1.jpg,93,83,213
893,741,Pa'u Style,Psychic,1.jpg,168,158,212
895,742,Cutiefly,Bug,1.jpg,132,212,225
896,743,Ribombee,Bug,1.jpg,143,203,218
910,753,Fomantis,Grass,1.jpg,163,185,147
911,754,Lurantis,Grass,1.jpg,143,137,215
912,755,Morelull,Grass,1.jpg,182,162,182
913,756,Shiinotic,Grass,1.jpg,177,166,197
918,761,Bounsweet,Grass,1.jpg,149,206,187
919,762,Steenee,Grass,1.jpg,151,209,188
924,767,Wimpod,Bug,1.jpg,120,98,118
925,768,Golisopod,Bug,1.jpg,172,179,174
934,776,Turtonator,Fire,1.jpg,95,135,210
944,786,Tapu Lele,Psychic,1.jpg,162,138,213
947,789,Cosmog,Psychic,1.jpg,223,165,9
948,790,Cosmoem,Psychic,1.jpg,146,228,235
949,791,Solgaleo,Psychic,1.jpg,106,163,194
950,792,Lunala,Psychic,1.jpg,159,220,223
952,794,Buzzwole,Bug,1.jpg,90,116,216
953,795,Pheromosa,Bug,1.jpg,152,161,163
958,800,Necrozma,Psychic,1.jpg,133,130,125
959,800,Dusk Mane Necrozma,Psychic,1.jpg,146,192,203
960,800,Dawn Wings Necrozma,Psychic,1.jpg,220,205,177
961,800,Ultra Necrozma,Psychic,1.jpg,206,241,246
967,806,Blacephalon,Fire,1.jpg,120,149,192
974,813,Scorbunny,Fire,1.jpg,141,168,200
976,815,Cinderace,Fire,1.jpg,61,200,243
987,826,Orbeetle,Bug,1.jpg,138,168,183
1013,851,Centiskorch,Fire,1.jpg,56,168,230
1020,858,Hatterene,Psychic,1.jpg,208,196,213
4,4,Charmander,Fire,2.jpg,76,136,220
5,5,Charmeleon,Fire,2.jpg,109,121,214
6,6,Charizard,Fire,2.jpg,92,93,67
13,10,Caterpie,Bug,2.jpg,108,179,177
14,11,Metapod,Bug,2.jpg,93,190,179
15,12,Butterfree,Bug,2.jpg,178,168,126
16,13,Weedle,Bug,2.jpg,121,190,228
17,14,Kakuna,Bug,2.jpg,82,190,236
18,15,Beedrill,Bug,2.jpg,150,170,173
48,37,Vulpix,Fire,2.jpg,67,106,217
50,38,Ninetales,Fire,2.jpg,162,234,237
59,46,Paras,Bug,2.jpg,114,149,219
60,47,Parasect,Bug,2.jpg,110,133,218
61,48,Venonat,Bug,2.jpg,134,126,152
62,49,Venomoth,Bug,2.jpg,187,182,198
76,58,Growlithe,Fire,2.jpg,89,141,213
78,59,Arcanine,Fire,2.jpg,101,136,190
83,63,Abra,Psychic,2.jpg,90,205,238
84,64,Kadabra,Psychic,2.jpg,117,208,228
85,65,Alakazam,Psychic,2.jpg,120,211,228
101,77,Ponyta,Fire,2.jpg,128,172,221
103,78,Rapidash,Fire,2.jpg,136,175,229
129,96,Drowzee,Psychic,2.jpg,55,100,121
130,97,Hypno,Psychic,2.jpg,51,83,84
161,122,Mr. Mime,Psychic,2.jpg,153,152,194
163,123,Scyther,Bug,2.jpg,110,202,204
166,126,Magmar,Fire,2.jpg,96,204,229
167,127,Pinsir,Bug,2.jpg,146,171,204
182,136,Flareon,Fire,2.jpg,86,204,236
195,146,Moltres,Fire,2.jpg,140,183,231
200,150,Mewtwo,Psychic,2.jpg,192,192,206
203,151,Mew,Psychic,2.jpg,193,185,203
207,155,Cyndaquil,Fire,2.jpg,81,81,21
208,156,Quilava,Fire,2.jpg,75,80,31
209,157,Typhlosion,Fire,2.jpg,122,229,248
218,165,Ledyba,Bug,2.jpg,78,101,187
219,166,Ledian,Bug,2.jpg,68,7,214
220,167,Spinarak,Bug,2.jpg,106,189,164
221,168,Ariados,Bug,2.jpg,109,109,201
230,177,Natu,Psychic,2.jpg,76,170,179
231,178,Xatu,Psychic,2.jpg,94,155,176
247,193,Yanma,Bug,2.jpg,80,135,184
251,196,Espeon,Psychic,2.jpg,210,182,200
257,201,Unown,Psychic,2.jpg,58,58,61
258,202,Wobbuffet,Psychic,2.jpg,216,179,5
260,204,Pineco,Bug,2.jpg,158,144,7
261,205,Forretress,Bug,2.jpg,57,19,161
270,212,Scizor,Bug,2.jpg,71,59,59
272,213,Shuckle,Bug,2.jpg,41,20,135
273,214,Heracross,Bug,2.jpg,173,136,86
279,218,Slugma,Fire,2.jpg,37,112,226
280,219,Magcargo,Fire,2.jpg,110,94,51
303,240,Magby,Fire,2.jpg,104,111,223
307,244,Entei,Fire,2.jpg,160,163,151
313,249,Lugia,Psychic,2.jpg,216,202,185
314,250,Ho-oh,Fire,2.jpg,135,197,206
315,251,Celebi,Psychic,2.jpg,126,182,139
320,255,Torchic,Fire,2.jpg,113,166,222
484,390,Chimchar,Fire,2.jpg,23,117,220
595,485,Heatran,Fire,2.jpg,99,114,144
610,498,Tepig,Fire,2.jpg,18,29,46
782,649,Genesect,Bug,2.jpg,177,135,162
800,666,Vivillon,Bug,2.jpg,145,135,191
802,668,Pyroar,Fire,2.jpg,114,193,223
875,725,Litten,Fire,2.jpg,59,55,51
876,726,Torracat,Fire,2.jpg,72,117,224
877,727,Incineroar,Fire,2.jpg,41,44,63
949,791,Solgaleo,Psychic,2.jpg,162,204,207
950,792,Lunala,Psychic,2.jpg,207,214,197
959,800,Dusk Mane Necrozma,Psychic,2.jpg,127,186,207
960,800,Dawn Wings Necrozma,Psychic,2.jpg,227,197,134
976,815,Cinderace,Fire,2.jpg,70,192,240
4,4,Charmander,Fire,3.jpg,21,33,49
5,5,Charmeleon,Fire,3.jpg,35,62,220
6,6,Charizard,Fire,3.jpg,102,163,219
13,10,Caterpie,Bug,3.jpg,95,170,134
48,37,Vulpix,Fire,3.jpg,46,129,229
50,38,Ninetales,Fire,3.jpg,172,238,244
76,58,Growlithe,Fire,3.jpg,20,24,35
78,59,Arcanine,Fire,3.jpg,23,79,185
83,63,Abra,Psychic,3.jpg,40,67,91
84,64,Kadabra,Psychic,3.jpg,31,58,82
85,65,Alakazam,Psychic,3.jpg,39,59,81
101,77,Ponyta,Fire,3.jpg,50,63,81
103,78,Rapidash,Fire,3.jpg,45,69,93
129,96,Drowzee,Psychic,3.jpg,68,230,247
130,97,Hypno,Psychic,3.jpg,69,226,242
161,122,Mr. Mime,Psychic,3.jpg,165,165,225
166,126,Magmar,Fire,3.jpg,23,19,157
182,136,Flareon,Fire,3.jpg,38,68,138
195,146,Moltres,Fire,3.jpg,43,68,176
200,150,Mewtwo,Psychic,3.jpg,166,135,158
203,151,Mew,Psychic,3.jpg,180,191,232
257,201,Unown,Psychic,3.jpg,58,59,62
307,244,Entei,Fire,3.jpg,110,134,162
313,249,Lugia,Psychic,3.jpg,169,133,107
314,250,Ho-oh,Fire,3.jpg,61,132,205
320,255,Torchic,Fire,3.jpg,17,32,45
875,725,Litten,Fire,3.jpg,70,65,61
6,6,Charizard,Fire,4.jpg,77,81,25
203,151,Mew,Psychic,4.jpg,151,139,117
257,201,Unown,Psychic,4.jpg,58,59,62
313,249,Lugia,Psychic,4.jpg,165,129,119
314,250,Ho-oh,Fire,4.jpg,59,103,184
6,6,Charizard,Fire,5.jpg,76,179,232
257,201,Unown,Psychic,5.jpg,59,59,62
257,201,Unown,Psychic,6.jpg,58,59,62
257,201,Unown,Psychic,7.jpg,59,59,62
257,201,Unown,Psychic,8.jpg,58,58,62
257,201,Unown,Psychic,9.jpg,58,58,62
257,201,Unown,Psychic,10.jpg,58,59,62
257,201,Unown,Psychic,11.jpg,58,59,62
257,201,Unown,Psychic,12.jpg,58,59,62
257,201,Unown,Psychic,13.jpg,59,59,62
